symbol,name,category,pump_period,peak_date_utc,peak_price_usd,peak_source,base_price_usd,pump_multiple_x,circulating_supply,total_max_supply,float_pct,peak_mcap_usd,peak_fdv_usd,fdv_to_mcap_ratio,peak_1h_vol_usd,vol_spike_vs_baseline_x,upper_wick_pct,min_funding_pct,crash_6h_pct,crash_24h_pct,total_crash_pct,current_price_usd
M,MemeCore,Mega-FDV Low-Float,Jun-Jul 2026,2026-07-02 04:00,4.8757,Gate.io / Binance,0.45,10.8,2282049722,10000000000,22.8,11126600000,48757000000,4.38,380000000,35.0,52.0,-2.0,-25.0,-45.0,-78.8,1.032
RAVE,RaveDAO,Mega-FDV Low-Float,Apr 2026,2026-04-18 01:00,28.6343,Gate.io / Bybit,7.09,4.0,270220114,1000000000,27.0,7737600000,28634300000,3.7,244220000,2.3,56.2,-2.0,-8.4,-91.5,-99.3,0.202
BILL,Billions Network,Mega-FDV Low-Float,May 2026,2026-05-15 08:00,0.2372,Binance / Bybit / Gate,0.0634,3.7,2425301123,10000000000,24.3,575300000,2372000000,4.12,37480000,7.0,43.8,-0.0809,-13.3,-32.2,-95.1,0.0116
LAB,Lab,Mega-FDV Low-Float,Jun-Jul 2026,2026-06-25 / 07-05,27.927,Gate Spot / MEXC / CG,5.52,5.1,775805085,1000000000,77.6,21665900000,27927000000,1.29,65030000,2.8,61.7,-2.0,-12.2,-5.6,-99.8,0.0538
DEXE,DeXe,Micro-Supply High-Nominal,Jul 2026,2026-07-12 13:00,50.0,Gate.io / Binance,25.4,2.0,35157244,96504599,36.4,1757900000,4825200000,2.74,30680000,20.7,61.4,-2.0,-4.4,-13.7,-96.0,2.0
BEAT,Audiera,Mid-Cap Low-Float,Jul-Aug 2026,2026-08-01 17:00,6.8625,Bybit / Gate.io,2.41,2.8,352968392,1000000000,35.3,2422200000,6862500000,2.83,42220000,60.7,66.7,-0.3823,-27.5,-43.7,-98.7,0.0916
VELVET,Velvet Capital,Mid-Cap Low-Float,Aug 2026,2026-08-15 05:00,1.2473,Binance / Bybit / Gate,0.48,2.6,464195484,1000000000,46.4,579000000,1247300000,2.16,10790000,6.3,27.5,0.0474,-6.5,-27.8,-94.6,0.0669
CYS,Cysic,Mega-FDV Low-Float,Aug 2026,2026-08-15 15:00,1.87,MEXC / Binance / Gate,0.85,2.2,160877909,1000000000,16.1,300800000,1870000000,6.22,68300000,7.3,28.8,-0.154,-54.7,-61.0,-90.8,0.1717
AKE,Akedo,Mega-FDV Low-Float,Sep 2026,2026-09-20 10:30,0.1856,Gate.io / Bybit,0.021,8.8,22791885579,100000000000,22.8,4230200000,18560000000,4.39,361940000,93.6,79.2,-2.0,-66.1,-72.5,-82.5,0.0325
TRB,Tellor,Micro-Supply High-Nominal,Dec 2023 - Jan 2024,2023-12-31 20:00,555.0,Binance / Spot Wick $629,173.6,3.2,2828430,2899635,97.5,1569800000,1609300000,1.03,1204200000,20.9,65.6,-2.0,-69.3,-64.8,-80.3,68.5
UNFI,Unifi Protocol DAO,Micro-Supply High-Nominal,Jun 2022,2022-06-07 23:00,43.9,Binance Futures,2.503,17.5,9999999,10000000,100.0,439000000,439000000,1.0,934800000,48.2,40.1,-0.094,-76.5,-81.6,-90.9,3.8
GAS,Neo Gas,Mid-Cap Low-Float,Nov 2023,2023-11-10 07:00,28.995,Binance / Upbit,2.721,10.7,65093581,65093581,100.0,1887400000,1887400000,1.0,281900000,5.2,20.0,-2.0,-34.4,-55.4,-74.8,4.5
LOOM,Loom Network,Mid-Cap Low-Float,Oct 2023,2023-10-15 13:00,0.415,Binance / Upbit $0.50,0.04,10.4,1242920898,1300000000,95.6,515800000,539500000,1.05,718500000,13.3,16.5,-3.0,-8.7,-23.3,-77.3,0.065
BLZ,Bluzelle,Mid-Cap Low-Float,Aug-Sep 2023,2023-09-05 15:00,0.1582,Binance Futures,0.0499,3.2,483663536,500000000,96.7,76500000,79100000,1.03,87500000,4.4,34.6,-2.5,-14.4,-11.7,-72.3,0.082
MYX,MYX Finance,Binance Alpha / Mega-FDV Perps,Aug - Sep 2025,2025-09-10 19:15,19.03,Binance Futures (.65) / CoinGecko ATH (.03),0.077,247.1,235212850,1000000000,23.5,4476100536,19030000000,4.25,132434251,43.6,35.8,-2.0,-1.9,-31.1,-99.6,0.0721
